host,shell_name,shell_hash,filename,metric_name,metric_value
flanders,osh,85b9c7dd,test-cmd-util.sh,VmPeak,144708
flanders,osh,85b9c7dd,test-cmd-util.sh,VmRSS,110088
flanders,osh,85b9c7dd,ltmain.sh,VmPeak,140160
flanders,osh,85b9c7dd,ltmain.sh,VmRSS,105452
flanders,osh,85b9c7dd,abuild,VmPeak,82224
flanders,osh,85b9c7dd,abuild,VmRSS,47540
flanders,osh,85b9c7dd,Build.sh,VmPeak,75012
flanders,osh,85b9c7dd,Build.sh,VmRSS,40320
flanders,osh,b180da65,build.sh,VmPeak,37976
flanders,osh,b180da65,build.sh,VmRSS,25424
flanders,osh,b180da65,ltmain.sh,VmPeak,113896
flanders,osh,b180da65,ltmain.sh,VmRSS,101284
flanders,osh,b180da65,test-cmd-util.sh,VmPeak,118436
flanders,osh,b180da65,test-cmd-util.sh,VmRSS,105996
flanders,osh,85b9c7dd,t9300-fast-import.sh,VmPeak,56968
flanders,osh,85b9c7dd,t9300-fast-import.sh,VmRSS,22068
flanders,osh,b180da65,functions,VmPeak,43508
flanders,osh,b180da65,functions,VmRSS,30840
flanders,osh,b180da65,abuild,VmPeak,55956
flanders,osh,b180da65,abuild,VmRSS,43472
flanders,osh,b180da65,t4014-format-patch.sh,VmPeak,28328
flanders,osh,b180da65,t4014-format-patch.sh,VmRSS,15932
flanders,osh,85b9c7dd,t4014-format-patch.sh,VmPeak,54500
flanders,osh,85b9c7dd,t4014-format-patch.sh,VmRSS,19892
flanders,osh,b180da65,t9300-fast-import.sh,VmPeak,30628
flanders,osh,b180da65,t9300-fast-import.sh,VmRSS,17964
flanders,osh,85b9c7dd,configure-helper.sh,VmPeak,73856
flanders,osh,85b9c7dd,configure-helper.sh,VmRSS,38948
flanders,osh,b180da65,configure,VmPeak,227956
flanders,osh,b180da65,configure,VmRSS,215188
flanders,osh,85b9c7dd,functions,VmPeak,69780
flanders,osh,85b9c7dd,functions,VmRSS,35156
flanders,osh,85b9c7dd,configure,VmPeak,253976
flanders,osh,85b9c7dd,configure,VmRSS,219248
flanders,osh,b180da65,configure-helper.sh,VmPeak,47584
flanders,osh,b180da65,configure-helper.sh,VmRSS,35180
flanders,osh,b180da65,Build.sh,VmPeak,48996
flanders,osh,b180da65,Build.sh,VmRSS,36388
flanders,osh,85b9c7dd,build.sh,VmPeak,64248
flanders,osh,85b9c7dd,build.sh,VmRSS,29560
lisa,osh,85b9c7dd,test-cmd-util.sh,VmPeak,144708
lisa,osh,85b9c7dd,test-cmd-util.sh,VmRSS,110024
lisa,osh,85b9c7dd,ltmain.sh,VmPeak,140164
lisa,osh,85b9c7dd,ltmain.sh,VmRSS,105588
lisa,osh,85b9c7dd,abuild,VmPeak,82224
lisa,osh,85b9c7dd,abuild,VmRSS,47472
lisa,osh,85b9c7dd,Build.sh,VmPeak,75012
lisa,osh,85b9c7dd,Build.sh,VmRSS,40704
lisa,osh,b180da65,build.sh,VmPeak,38232
lisa,osh,b180da65,build.sh,VmRSS,25600
lisa,osh,b180da65,ltmain.sh,VmPeak,113896
lisa,osh,b180da65,ltmain.sh,VmRSS,101608
lisa,osh,b180da65,test-cmd-util.sh,VmPeak,118708
lisa,osh,b180da65,test-cmd-util.sh,VmRSS,106128
lisa,osh,85b9c7dd,t9300-fast-import.sh,VmPeak,56944
lisa,osh,85b9c7dd,t9300-fast-import.sh,VmRSS,22120
lisa,osh,b180da65,functions,VmPeak,43508
lisa,osh,b180da65,functions,VmRSS,30920
lisa,osh,b180da65,abuild,VmPeak,56208
lisa,osh,b180da65,abuild,VmRSS,43380
lisa,osh,b180da65,t4014-format-patch.sh,VmPeak,28584
lisa,osh,b180da65,t4014-format-patch.sh,VmRSS,15888
lisa,osh,85b9c7dd,t4014-format-patch.sh,VmPeak,54500
lisa,osh,85b9c7dd,t4014-format-patch.sh,VmRSS,20136
lisa,osh,b180da65,t9300-fast-import.sh,VmPeak,30640
lisa,osh,b180da65,t9300-fast-import.sh,VmRSS,18116
lisa,osh,85b9c7dd,configure-helper.sh,VmPeak,73856
lisa,osh,85b9c7dd,configure-helper.sh,VmRSS,39360
lisa,osh,b180da65,configure,VmPeak,227956
lisa,osh,b180da65,configure,VmRSS,215136
lisa,osh,85b9c7dd,functions,VmPeak,69796
lisa,osh,85b9c7dd,functions,VmRSS,35068
lisa,osh,85b9c7dd,configure,VmPeak,254232
lisa,osh,85b9c7dd,configure,VmRSS,219512
lisa,osh,b180da65,configure-helper.sh,VmPeak,47584
lisa,osh,b180da65,configure-helper.sh,VmRSS,35060
lisa,osh,b180da65,Build.sh,VmPeak,48996
lisa,osh,b180da65,Build.sh,VmRSS,36396
lisa,osh,85b9c7dd,build.sh,VmPeak,64248
lisa,osh,85b9c7dd,build.sh,VmRSS,29556
