file	def_name	py_method_name	c_symbol_name	flags
Python-2.7.13/Objects/intobject.c	int_methods	conjugate	(PyCFunction)int_int	METH_NOARGS
Python-2.7.13/Objects/intobject.c	int_methods	bit_length	(PyCFunction)int_bit_length	METH_NOARGS
Python-2.7.13/Objects/intobject.c	int_methods	__trunc__	(PyCFunction)int_int	METH_NOARGS
Python-2.7.13/Objects/intobject.c	int_methods	__getnewargs__	(PyCFunction)int_getnewargs	METH_NOARGS
Python-2.7.13/Objects/genobject.c	gen_methods	send	(PyCFunction)gen_send	METH_O
Python-2.7.13/Objects/genobject.c	gen_methods	throw	(PyCFunction)gen_throw	METH_VARARGS
Python-2.7.13/Objects/genobject.c	gen_methods	close	(PyCFunction)gen_close	METH_NOARGS
Python-2.7.13/Objects/iterobject.c	seqiter_methods	__length_hint__	(PyCFunction)iter_len	METH_NOARGS
Python-2.7.13/Objects/exceptions.c	BaseException_methods	__reduce__	(PyCFunction)BaseException_reduce	METH_NOARGS 
Python-2.7.13/Objects/exceptions.c	BaseException_methods	__setstate__	(PyCFunction)BaseException_setstate	METH_O 
Python-2.7.13/Objects/exceptions.c	EnvironmentError_methods	__reduce__	(PyCFunction)EnvironmentError_reduce	METH_NOARGS
Python-2.7.13/Objects/sliceobject.c	slice_methods	indices	(PyCFunction)slice_indices	METH_O
Python-2.7.13/Objects/sliceobject.c	slice_methods	__reduce__	(PyCFunction)slice_reduce	METH_NOARGS
Python-2.7.13/Objects/stringobject.c	string_methods	join	(PyCFunction)string_join	METH_O
Python-2.7.13/Objects/stringobject.c	string_methods	split	(PyCFunction)string_split	METH_VARARGS
Python-2.7.13/Objects/stringobject.c	string_methods	rsplit	(PyCFunction)string_rsplit	METH_VARARGS
Python-2.7.13/Objects/stringobject.c	string_methods	lower	(PyCFunction)string_lower	METH_NOARGS
Python-2.7.13/Objects/stringobject.c	string_methods	upper	(PyCFunction)string_upper	METH_NOARGS
Python-2.7.13/Objects/stringobject.c	string_methods	islower	(PyCFunction)string_islower	METH_NOARGS
Python-2.7.13/Objects/stringobject.c	string_methods	isupper	(PyCFunction)string_isupper	METH_NOARGS
Python-2.7.13/Objects/stringobject.c	string_methods	isspace	(PyCFunction)string_isspace	METH_NOARGS
Python-2.7.13/Objects/stringobject.c	string_methods	isdigit	(PyCFunction)string_isdigit	METH_NOARGS
Python-2.7.13/Objects/stringobject.c	string_methods	istitle	(PyCFunction)string_istitle	METH_NOARGS
Python-2.7.13/Objects/stringobject.c	string_methods	isalpha	(PyCFunction)string_isalpha	METH_NOARGS
Python-2.7.13/Objects/stringobject.c	string_methods	isalnum	(PyCFunction)string_isalnum	METH_NOARGS
Python-2.7.13/Objects/stringobject.c	string_methods	capitalize	(PyCFunction)string_capitalize	METH_NOARGS
Python-2.7.13/Objects/stringobject.c	string_methods	count	(PyCFunction)string_count	METH_VARARGS
Python-2.7.13/Objects/stringobject.c	string_methods	endswith	(PyCFunction)string_endswith	METH_VARARGS
Python-2.7.13/Objects/stringobject.c	string_methods	partition	(PyCFunction)string_partition	METH_O
Python-2.7.13/Objects/stringobject.c	string_methods	find	(PyCFunction)string_find	METH_VARARGS
Python-2.7.13/Objects/stringobject.c	string_methods	index	(PyCFunction)string_index	METH_VARARGS
Python-2.7.13/Objects/stringobject.c	string_methods	lstrip	(PyCFunction)string_lstrip	METH_VARARGS
Python-2.7.13/Objects/stringobject.c	string_methods	replace	(PyCFunction)string_replace	METH_VARARGS
Python-2.7.13/Objects/stringobject.c	string_methods	rfind	(PyCFunction)string_rfind	METH_VARARGS
Python-2.7.13/Objects/stringobject.c	string_methods	rindex	(PyCFunction)string_rindex	METH_VARARGS
Python-2.7.13/Objects/stringobject.c	string_methods	rstrip	(PyCFunction)string_rstrip	METH_VARARGS
Python-2.7.13/Objects/stringobject.c	string_methods	rpartition	(PyCFunction)string_rpartition	METH_O
Python-2.7.13/Objects/stringobject.c	string_methods	startswith	(PyCFunction)string_startswith	METH_VARARGS
Python-2.7.13/Objects/stringobject.c	string_methods	strip	(PyCFunction)string_strip	METH_VARARGS
Python-2.7.13/Objects/stringobject.c	string_methods	swapcase	(PyCFunction)string_swapcase	METH_NOARGS
Python-2.7.13/Objects/stringobject.c	string_methods	translate	(PyCFunction)string_translate	METH_VARARGS
Python-2.7.13/Objects/stringobject.c	string_methods	title	(PyCFunction)string_title	METH_NOARGS
Python-2.7.13/Objects/stringobject.c	string_methods	ljust	(PyCFunction)string_ljust	METH_VARARGS
Python-2.7.13/Objects/stringobject.c	string_methods	rjust	(PyCFunction)string_rjust	METH_VARARGS
Python-2.7.13/Objects/stringobject.c	string_methods	center	(PyCFunction)string_center	METH_VARARGS
Python-2.7.13/Objects/stringobject.c	string_methods	zfill	(PyCFunction)string_zfill	METH_VARARGS
Python-2.7.13/Objects/stringobject.c	string_methods	encode	(PyCFunction)string_encode	METH_VARARGS | METH_KEYWORDS
Python-2.7.13/Objects/stringobject.c	string_methods	decode	(PyCFunction)string_decode	METH_VARARGS | METH_KEYWORDS
Python-2.7.13/Objects/stringobject.c	string_methods	expandtabs	(PyCFunction)string_expandtabs	METH_VARARGS
Python-2.7.13/Objects/stringobject.c	string_methods	splitlines	(PyCFunction)string_splitlines	METH_VARARGS
Python-2.7.13/Objects/stringobject.c	string_methods	__sizeof__	(PyCFunction)string_sizeof	METH_NOARGS
Python-2.7.13/Objects/stringobject.c	string_methods	__getnewargs__	(PyCFunction)string_getnewargs	METH_NOARGS
Python-2.7.13/Objects/frameobject.c	frame_methods	__sizeof__	(PyCFunction)frame_sizeof	METH_NOARGS
Python-2.7.13/Objects/dictobject.c	mapp_methods	__contains__	(PyCFunction)dict_contains	METH_O | METH_COEXIST
Python-2.7.13/Objects/dictobject.c	mapp_methods	__getitem__	(PyCFunction)dict_subscript	METH_O | METH_COEXIST
Python-2.7.13/Objects/dictobject.c	mapp_methods	__sizeof__	(PyCFunction)dict_sizeof	METH_NOARGS
Python-2.7.13/Objects/dictobject.c	mapp_methods	has_key	(PyCFunction)dict_has_key	METH_O
Python-2.7.13/Objects/dictobject.c	mapp_methods	get	(PyCFunction)dict_get	METH_VARARGS
Python-2.7.13/Objects/dictobject.c	mapp_methods	setdefault	(PyCFunction)dict_setdefault	METH_VARARGS
Python-2.7.13/Objects/dictobject.c	mapp_methods	pop	(PyCFunction)dict_pop	METH_VARARGS
Python-2.7.13/Objects/dictobject.c	mapp_methods	popitem	(PyCFunction)dict_popitem	METH_NOARGS
Python-2.7.13/Objects/dictobject.c	mapp_methods	keys	(PyCFunction)dict_keys	METH_NOARGS
Python-2.7.13/Objects/dictobject.c	mapp_methods	items	(PyCFunction)dict_items	METH_NOARGS
Python-2.7.13/Objects/dictobject.c	mapp_methods	values	(PyCFunction)dict_values	METH_NOARGS
Python-2.7.13/Objects/dictobject.c	mapp_methods	viewkeys	(PyCFunction)dictkeys_new	METH_NOARGS
Python-2.7.13/Objects/dictobject.c	mapp_methods	viewitems	(PyCFunction)dictitems_new	METH_NOARGS
Python-2.7.13/Objects/dictobject.c	mapp_methods	viewvalues	(PyCFunction)dictvalues_new	METH_NOARGS
Python-2.7.13/Objects/dictobject.c	mapp_methods	update	(PyCFunction)dict_update	METH_VARARGS | METH_KEYWORDS
Python-2.7.13/Objects/dictobject.c	mapp_methods	fromkeys	(PyCFunction)dict_fromkeys	METH_VARARGS | METH_CLASS
Python-2.7.13/Objects/dictobject.c	mapp_methods	clear	(PyCFunction)dict_clear	METH_NOARGS
Python-2.7.13/Objects/dictobject.c	mapp_methods	copy	(PyCFunction)dict_copy	METH_NOARGS
Python-2.7.13/Objects/dictobject.c	mapp_methods	iterkeys	(PyCFunction)dict_iterkeys	METH_NOARGS
Python-2.7.13/Objects/dictobject.c	mapp_methods	itervalues	(PyCFunction)dict_itervalues	METH_NOARGS
Python-2.7.13/Objects/dictobject.c	mapp_methods	iteritems	(PyCFunction)dict_iteritems	METH_NOARGS
Python-2.7.13/Objects/dictobject.c	dictiter_methods	__length_hint__	(PyCFunction)dictiter_len	METH_NOARGS
Python-2.7.13/Objects/typeobject.c	type_methods	mro	(PyCFunction)mro_external	METH_NOARGS
Python-2.7.13/Objects/typeobject.c	type_methods	__subclasses__	(PyCFunction)type_subclasses	METH_NOARGS
Python-2.7.13/Objects/typeobject.c	type_methods	__instancecheck__	type___instancecheck__	METH_O
Python-2.7.13/Objects/typeobject.c	type_methods	__subclasscheck__	type___subclasscheck__	METH_O
Python-2.7.13/Objects/typeobject.c	object_methods	__reduce_ex__	object_reduce_ex	METH_VARARGS
Python-2.7.13/Objects/typeobject.c	object_methods	__reduce__	object_reduce	METH_VARARGS
Python-2.7.13/Objects/typeobject.c	object_methods	__subclasshook__	object_subclasshook	METH_CLASS | METH_VARARGS
Python-2.7.13/Objects/typeobject.c	object_methods	__format__	object_format	METH_VARARGS
Python-2.7.13/Objects/typeobject.c	object_methods	__sizeof__	object_sizeof	METH_NOARGS
Python-2.7.13/Objects/structseq.c	structseq_methods	__reduce__	(PyCFunction)structseq_reduce	METH_NOARGS
Python-2.7.13/Objects/listobject.c	list_methods	__getitem__	(PyCFunction)list_subscript	METH_O|METH_COEXIST
Python-2.7.13/Objects/listobject.c	list_methods	__reversed__	(PyCFunction)list_reversed	METH_NOARGS
Python-2.7.13/Objects/listobject.c	list_methods	__sizeof__	(PyCFunction)list_sizeof	METH_NOARGS
Python-2.7.13/Objects/listobject.c	list_methods	append	(PyCFunction)listappend	METH_O
Python-2.7.13/Objects/listobject.c	list_methods	insert	(PyCFunction)listinsert	METH_VARARGS
Python-2.7.13/Objects/listobject.c	list_methods	extend	(PyCFunction)listextend	METH_O
Python-2.7.13/Objects/listobject.c	list_methods	pop	(PyCFunction)listpop	METH_VARARGS
Python-2.7.13/Objects/listobject.c	list_methods	remove	(PyCFunction)listremove	METH_O
Python-2.7.13/Objects/listobject.c	list_methods	index	(PyCFunction)listindex	METH_VARARGS
Python-2.7.13/Objects/listobject.c	list_methods	count	(PyCFunction)listcount	METH_O
Python-2.7.13/Objects/listobject.c	list_methods	reverse	(PyCFunction)listreverse	METH_NOARGS
Python-2.7.13/Objects/listobject.c	list_methods	sort	(PyCFunction)listsort	METH_VARARGS | METH_KEYWORDS
Python-2.7.13/Objects/listobject.c	listiter_methods	__length_hint__	(PyCFunction)listiter_len	METH_NOARGS
Python-2.7.13/Objects/listobject.c	listreviter_methods	__length_hint__	(PyCFunction)listreviter_len	METH_NOARGS
Python-2.7.13/Objects/weakrefobject.c	proxy_methods	__unicode__	(PyCFunction)proxy_unicode	METH_NOARGS
Python-2.7.13/Objects/enumobject.c	reversediter_methods	__length_hint__	(PyCFunction)reversed_len	METH_NOARGS
Python-2.7.13/Objects/fileobject.c	file_methods	readline	(PyCFunction)file_readline	METH_VARARGS
Python-2.7.13/Objects/fileobject.c	file_methods	read	(PyCFunction)file_read	METH_VARARGS
Python-2.7.13/Objects/fileobject.c	file_methods	write	(PyCFunction)file_write	METH_VARARGS
Python-2.7.13/Objects/fileobject.c	file_methods	fileno	(PyCFunction)file_fileno	METH_NOARGS
Python-2.7.13/Objects/fileobject.c	file_methods	seek	(PyCFunction)file_seek	METH_VARARGS
Python-2.7.13/Objects/fileobject.c	file_methods	truncate	(PyCFunction)file_truncate	METH_VARARGS
Python-2.7.13/Objects/fileobject.c	file_methods	tell	(PyCFunction)file_tell	METH_NOARGS
Python-2.7.13/Objects/fileobject.c	file_methods	readinto	(PyCFunction)file_readinto	METH_VARARGS
Python-2.7.13/Objects/fileobject.c	file_methods	readlines	(PyCFunction)file_readlines	METH_VARARGS
Python-2.7.13/Objects/fileobject.c	file_methods	xreadlines	(PyCFunction)file_xreadlines	METH_NOARGS
Python-2.7.13/Objects/fileobject.c	file_methods	writelines	(PyCFunction)file_writelines	METH_O
Python-2.7.13/Objects/fileobject.c	file_methods	flush	(PyCFunction)file_flush	METH_NOARGS
Python-2.7.13/Objects/fileobject.c	file_methods	close	(PyCFunction)file_close	METH_NOARGS
Python-2.7.13/Objects/fileobject.c	file_methods	isatty	(PyCFunction)file_isatty	METH_NOARGS
Python-2.7.13/Objects/fileobject.c	file_methods	__enter__	(PyCFunction)file_self	METH_NOARGS
Python-2.7.13/Objects/fileobject.c	file_methods	__exit__	(PyCFunction)file_exit	METH_VARARGS
Python-2.7.13/Objects/tupleobject.c	tuple_methods	__getnewargs__	(PyCFunction)tuple_getnewargs	METH_NOARGS
Python-2.7.13/Objects/tupleobject.c	tuple_methods	index	(PyCFunction)tupleindex	METH_VARARGS
Python-2.7.13/Objects/tupleobject.c	tuple_methods	count	(PyCFunction)tuplecount	METH_O
Python-2.7.13/Objects/tupleobject.c	tupleiter_methods	__length_hint__	(PyCFunction)tupleiter_len	METH_NOARGS
Python-2.7.13/Objects/longobject.c	long_methods	conjugate	(PyCFunction)long_long	METH_NOARGS
Python-2.7.13/Objects/longobject.c	long_methods	bit_length	(PyCFunction)long_bit_length	METH_NOARGS
Python-2.7.13/Objects/longobject.c	long_methods	__trunc__	(PyCFunction)long_long	METH_NOARGS
Python-2.7.13/Objects/longobject.c	long_methods	__getnewargs__	(PyCFunction)long_getnewargs	METH_NOARGS
Python-2.7.13/Objects/longobject.c	long_methods	__sizeof__	(PyCFunction)long_sizeof	METH_NOARGS
Python-2.7.13/Objects/floatobject.c	float_methods	conjugate	(PyCFunction)float_float	METH_NOARGS
Python-2.7.13/Objects/floatobject.c	float_methods	__trunc__	(PyCFunction)float_trunc	METH_NOARGS
Python-2.7.13/Objects/floatobject.c	float_methods	as_integer_ratio	(PyCFunction)float_as_integer_ratio	METH_NOARGS
Python-2.7.13/Objects/floatobject.c	float_methods	fromhex	(PyCFunction)float_fromhex	METH_O|METH_CLASS
Python-2.7.13/Objects/floatobject.c	float_methods	hex	(PyCFunction)float_hex	METH_NOARGS
Python-2.7.13/Objects/floatobject.c	float_methods	is_integer	(PyCFunction)float_is_integer	METH_NOARGS
Python-2.7.13/Objects/floatobject.c	float_methods	__getnewargs__	(PyCFunction)float_getnewargs	METH_NOARGS
Python-2.7.13/Objects/floatobject.c	float_methods	__getformat__	(PyCFunction)float_getformat	METH_O|METH_CLASS
Python-2.7.13/Objects/floatobject.c	float_methods	__setformat__	(PyCFunction)float_setformat	METH_VARARGS|METH_CLASS
Python-2.7.13/Objects/rangeobject.c	range_methods	__reversed__	(PyCFunction)range_reverse	METH_NOARGS
Python-2.7.13/Objects/rangeobject.c	range_methods	__reduce__	(PyCFunction)range_reduce	METH_VARARGS
Python-2.7.13/Objects/rangeobject.c	rangeiter_methods	__length_hint__	(PyCFunction)rangeiter_len	METH_NOARGS
Python-2.7.13/Objects/setobject.c	setiter_methods	__length_hint__	(PyCFunction)setiter_len	METH_NOARGS
Python-2.7.13/Objects/setobject.c	set_methods	add	(PyCFunction)set_add	METH_O
Python-2.7.13/Objects/setobject.c	set_methods	clear	(PyCFunction)set_clear	METH_NOARGS
Python-2.7.13/Objects/setobject.c	set_methods	__contains__	(PyCFunction)set_direct_contains	METH_O | METH_COEXIST
Python-2.7.13/Objects/setobject.c	set_methods	copy	(PyCFunction)set_copy	METH_NOARGS
Python-2.7.13/Objects/setobject.c	set_methods	discard	(PyCFunction)set_discard	METH_O
Python-2.7.13/Objects/setobject.c	set_methods	difference	(PyCFunction)set_difference_multi	METH_VARARGS
Python-2.7.13/Objects/setobject.c	set_methods	difference_update	(PyCFunction)set_difference_update	METH_VARARGS
Python-2.7.13/Objects/setobject.c	set_methods	intersection	(PyCFunction)set_intersection_multi	METH_VARARGS
Python-2.7.13/Objects/setobject.c	set_methods	intersection_update	(PyCFunction)set_intersection_update_multi	METH_VARARGS
Python-2.7.13/Objects/setobject.c	set_methods	isdisjoint	(PyCFunction)set_isdisjoint	METH_O
Python-2.7.13/Objects/setobject.c	set_methods	issubset	(PyCFunction)set_issubset	METH_O
Python-2.7.13/Objects/setobject.c	set_methods	issuperset	(PyCFunction)set_issuperset	METH_O
Python-2.7.13/Objects/setobject.c	set_methods	pop	(PyCFunction)set_pop	METH_NOARGS
Python-2.7.13/Objects/setobject.c	set_methods	__reduce__	(PyCFunction)set_reduce	METH_NOARGS
Python-2.7.13/Objects/setobject.c	set_methods	remove	(PyCFunction)set_remove	METH_O
Python-2.7.13/Objects/setobject.c	set_methods	__sizeof__	(PyCFunction)set_sizeof	METH_NOARGS
Python-2.7.13/Objects/setobject.c	set_methods	symmetric_difference	(PyCFunction)set_symmetric_difference	METH_O
Python-2.7.13/Objects/setobject.c	set_methods	symmetric_difference_update	(PyCFunction)set_symmetric_difference_update	METH_O
Python-2.7.13/Objects/setobject.c	set_methods	union	(PyCFunction)set_union	METH_VARARGS
Python-2.7.13/Objects/setobject.c	set_methods	update	(PyCFunction)set_update	METH_VARARGS
Python-2.7.13/Objects/setobject.c	frozenset_methods	__contains__	(PyCFunction)set_direct_contains	METH_O | METH_COEXIST
Python-2.7.13/Objects/setobject.c	frozenset_methods	copy	(PyCFunction)frozenset_copy	METH_NOARGS
Python-2.7.13/Objects/setobject.c	frozenset_methods	difference	(PyCFunction)set_difference_multi	METH_VARARGS
Python-2.7.13/Objects/setobject.c	frozenset_methods	intersection	(PyCFunction)set_intersection_multi	METH_VARARGS
Python-2.7.13/Objects/setobject.c	frozenset_methods	isdisjoint	(PyCFunction)set_isdisjoint	METH_O
Python-2.7.13/Objects/setobject.c	frozenset_methods	issubset	(PyCFunction)set_issubset	METH_O
Python-2.7.13/Objects/setobject.c	frozenset_methods	issuperset	(PyCFunction)set_issuperset	METH_O
Python-2.7.13/Objects/setobject.c	frozenset_methods	__reduce__	(PyCFunction)set_reduce	METH_NOARGS
Python-2.7.13/Objects/setobject.c	frozenset_methods	__sizeof__	(PyCFunction)set_sizeof	METH_NOARGS
Python-2.7.13/Objects/setobject.c	frozenset_methods	symmetric_difference	(PyCFunction)set_symmetric_difference	METH_O
Python-2.7.13/Objects/setobject.c	frozenset_methods	union	(PyCFunction)set_union	METH_VARARGS
Python-2.7.13/Objects/descrobject.c	proxy_methods	has_key	(PyCFunction)proxy_has_key	METH_O
Python-2.7.13/Objects/descrobject.c	proxy_methods	get	(PyCFunction)proxy_get	METH_VARARGS
Python-2.7.13/Objects/descrobject.c	proxy_methods	keys	(PyCFunction)proxy_keys	METH_NOARGS
Python-2.7.13/Objects/descrobject.c	proxy_methods	values	(PyCFunction)proxy_values	METH_NOARGS
Python-2.7.13/Objects/descrobject.c	proxy_methods	items	(PyCFunction)proxy_items	METH_NOARGS
Python-2.7.13/Objects/descrobject.c	proxy_methods	iterkeys	(PyCFunction)proxy_iterkeys	METH_NOARGS
Python-2.7.13/Objects/descrobject.c	proxy_methods	itervalues	(PyCFunction)proxy_itervalues	METH_NOARGS
Python-2.7.13/Objects/descrobject.c	proxy_methods	iteritems	(PyCFunction)proxy_iteritems	METH_NOARGS
Python-2.7.13/Objects/descrobject.c	proxy_methods	copy	(PyCFunction)proxy_copy	METH_NOARGS
Python-2.7.13/Objects/descrobject.c	property_methods	getter	property_getter	METH_O
Python-2.7.13/Objects/descrobject.c	property_methods	setter	property_setter	METH_O
Python-2.7.13/Objects/descrobject.c	property_methods	deleter	property_deleter	METH_O
Python-2.7.13/Modules/_weakref.c	weakref_functions	getweakrefcount	weakref_getweakrefcount	METH_O
Python-2.7.13/Modules/_weakref.c	weakref_functions	getweakrefs	weakref_getweakrefs	METH_O
Python-2.7.13/Modules/_weakref.c	weakref_functions	proxy	weakref_proxy	METH_VARARGS
Python-2.7.13/Modules/zipimport.c	zipimporter_methods	find_module	zipimporter_find_module	METH_VARARGS
Python-2.7.13/Modules/zipimport.c	zipimporter_methods	load_module	zipimporter_load_module	METH_VARARGS
Python-2.7.13/Modules/zipimport.c	zipimporter_methods	get_data	zipimporter_get_data	METH_VARARGS
Python-2.7.13/Modules/zipimport.c	zipimporter_methods	get_code	zipimporter_get_code	METH_VARARGS
Python-2.7.13/Modules/zipimport.c	zipimporter_methods	get_source	zipimporter_get_source	METH_VARARGS
Python-2.7.13/Modules/zipimport.c	zipimporter_methods	get_filename	zipimporter_get_filename	METH_VARARGS
Python-2.7.13/Modules/zipimport.c	zipimporter_methods	is_package	zipimporter_is_package	METH_VARARGS
Python-2.7.13/Modules/timemodule.c	time_methods	time	time_time	METH_NOARGS
Python-2.7.13/Modules/timemodule.c	time_methods	clock	time_clock	METH_NOARGS
Python-2.7.13/Modules/timemodule.c	time_methods	sleep	time_sleep	METH_VARARGS
Python-2.7.13/Modules/timemodule.c	time_methods	gmtime	time_gmtime	METH_VARARGS
Python-2.7.13/Modules/timemodule.c	time_methods	localtime	time_localtime	METH_VARARGS
Python-2.7.13/Modules/timemodule.c	time_methods	asctime	time_asctime	METH_VARARGS
Python-2.7.13/Modules/timemodule.c	time_methods	ctime	time_ctime	METH_VARARGS
Python-2.7.13/Modules/timemodule.c	time_methods	mktime	time_mktime	METH_O
Python-2.7.13/Modules/timemodule.c	time_methods	strftime	time_strftime	METH_VARARGS
Python-2.7.13/Modules/timemodule.c	time_methods	strptime	time_strptime	METH_VARARGS
Python-2.7.13/Modules/timemodule.c	time_methods	tzset	time_tzset	METH_NOARGS
Python-2.7.13/Modules/fcntlmodule.c	fcntl_methods	fcntl	fcntl_fcntl	METH_VARARGS
Python-2.7.13/Modules/fcntlmodule.c	fcntl_methods	ioctl	fcntl_ioctl	METH_VARARGS
Python-2.7.13/Modules/fcntlmodule.c	fcntl_methods	flock	fcntl_flock	METH_VARARGS
Python-2.7.13/Modules/fcntlmodule.c	fcntl_methods	lockf	fcntl_lockf	METH_VARARGS
Python-2.7.13/Modules/pwdmodule.c	pwd_methods	getpwuid	pwd_getpwuid	METH_VARARGS
Python-2.7.13/Modules/pwdmodule.c	pwd_methods	getpwnam	pwd_getpwnam	METH_VARARGS
Python-2.7.13/Modules/pwdmodule.c	pwd_methods	getpwall	(PyCFunction)pwd_getpwall	METH_NOARGS
Python-2.7.13/Modules/posixmodule.c	posix_methods	access	posix_access	METH_VARARGS
Python-2.7.13/Modules/posixmodule.c	posix_methods	chdir	posix_chdir	METH_VARARGS
Python-2.7.13/Modules/posixmodule.c	posix_methods	chmod	posix_chmod	METH_VARARGS
Python-2.7.13/Modules/posixmodule.c	posix_methods	fchmod	posix_fchmod	METH_VARARGS
Python-2.7.13/Modules/posixmodule.c	posix_methods	chown	posix_chown	METH_VARARGS
Python-2.7.13/Modules/posixmodule.c	posix_methods	fchown	posix_fchown	METH_VARARGS
Python-2.7.13/Modules/posixmodule.c	posix_methods	lchown	posix_lchown	METH_VARARGS
Python-2.7.13/Modules/posixmodule.c	posix_methods	chroot	posix_chroot	METH_VARARGS
Python-2.7.13/Modules/posixmodule.c	posix_methods	ctermid	posix_ctermid	METH_NOARGS
Python-2.7.13/Modules/posixmodule.c	posix_methods	getcwd	posix_getcwd	METH_NOARGS
Python-2.7.13/Modules/posixmodule.c	posix_methods	link	posix_link	METH_VARARGS
Python-2.7.13/Modules/posixmodule.c	posix_methods	listdir	posix_listdir	METH_VARARGS
Python-2.7.13/Modules/posixmodule.c	posix_methods	lstat	posix_lstat	METH_VARARGS
Python-2.7.13/Modules/posixmodule.c	posix_methods	mkdir	posix_mkdir	METH_VARARGS
Python-2.7.13/Modules/posixmodule.c	posix_methods	nice	posix_nice	METH_VARARGS
Python-2.7.13/Modules/posixmodule.c	posix_methods	readlink	posix_readlink	METH_VARARGS
Python-2.7.13/Modules/posixmodule.c	posix_methods	rename	posix_rename	METH_VARARGS
Python-2.7.13/Modules/posixmodule.c	posix_methods	rmdir	posix_rmdir	METH_VARARGS
Python-2.7.13/Modules/posixmodule.c	posix_methods	stat	posix_stat	METH_VARARGS
Python-2.7.13/Modules/posixmodule.c	posix_methods	stat_float_times	stat_float_times	METH_VARARGS
Python-2.7.13/Modules/posixmodule.c	posix_methods	symlink	posix_symlink	METH_VARARGS
Python-2.7.13/Modules/posixmodule.c	posix_methods	umask	posix_umask	METH_VARARGS
Python-2.7.13/Modules/posixmodule.c	posix_methods	uname	posix_uname	METH_NOARGS
Python-2.7.13/Modules/posixmodule.c	posix_methods	unlink	posix_unlink	METH_VARARGS
Python-2.7.13/Modules/posixmodule.c	posix_methods	remove	posix_unlink	METH_VARARGS
Python-2.7.13/Modules/posixmodule.c	posix_methods	utime	posix_utime	METH_VARARGS
Python-2.7.13/Modules/posixmodule.c	posix_methods	times	posix_times	METH_NOARGS
Python-2.7.13/Modules/posixmodule.c	posix_methods	_exit	posix__exit	METH_VARARGS
Python-2.7.13/Modules/posixmodule.c	posix_methods	execv	posix_execv	METH_VARARGS
Python-2.7.13/Modules/posixmodule.c	posix_methods	execve	posix_execve	METH_VARARGS
Python-2.7.13/Modules/posixmodule.c	posix_methods	fork	posix_fork	METH_NOARGS
Python-2.7.13/Modules/posixmodule.c	posix_methods	getgroups	posix_getgroups	METH_NOARGS
Python-2.7.13/Modules/posixmodule.c	posix_methods	getpid	posix_getpid	METH_NOARGS
Python-2.7.13/Modules/posixmodule.c	posix_methods	getpgrp	posix_getpgrp	METH_NOARGS
Python-2.7.13/Modules/posixmodule.c	posix_methods	getlogin	posix_getlogin	METH_NOARGS
Python-2.7.13/Modules/posixmodule.c	posix_methods	kill	posix_kill	METH_VARARGS
Python-2.7.13/Modules/posixmodule.c	posix_methods	killpg	posix_killpg	METH_VARARGS
Python-2.7.13/Modules/posixmodule.c	posix_methods	setuid	posix_setuid	METH_VARARGS
Python-2.7.13/Modules/posixmodule.c	posix_methods	seteuid	posix_seteuid	METH_VARARGS
Python-2.7.13/Modules/posixmodule.c	posix_methods	setegid	posix_setegid	METH_VARARGS
Python-2.7.13/Modules/posixmodule.c	posix_methods	setreuid	posix_setreuid	METH_VARARGS
Python-2.7.13/Modules/posixmodule.c	posix_methods	setregid	posix_setregid	METH_VARARGS
Python-2.7.13/Modules/posixmodule.c	posix_methods	setgid	posix_setgid	METH_VARARGS
Python-2.7.13/Modules/posixmodule.c	posix_methods	setgroups	posix_setgroups	METH_O
Python-2.7.13/Modules/posixmodule.c	posix_methods	initgroups	posix_initgroups	METH_VARARGS
Python-2.7.13/Modules/posixmodule.c	posix_methods	getpgid	posix_getpgid	METH_VARARGS
Python-2.7.13/Modules/posixmodule.c	posix_methods	setpgrp	posix_setpgrp	METH_NOARGS
Python-2.7.13/Modules/posixmodule.c	posix_methods	wait3	posix_wait3	METH_VARARGS
Python-2.7.13/Modules/posixmodule.c	posix_methods	wait4	posix_wait4	METH_VARARGS
Python-2.7.13/Modules/posixmodule.c	posix_methods	waitpid	posix_waitpid	METH_VARARGS
Python-2.7.13/Modules/posixmodule.c	posix_methods	getsid	posix_getsid	METH_VARARGS
Python-2.7.13/Modules/posixmodule.c	posix_methods	setsid	posix_setsid	METH_NOARGS
Python-2.7.13/Modules/posixmodule.c	posix_methods	setpgid	posix_setpgid	METH_VARARGS
Python-2.7.13/Modules/posixmodule.c	posix_methods	tcgetpgrp	posix_tcgetpgrp	METH_VARARGS
Python-2.7.13/Modules/posixmodule.c	posix_methods	tcsetpgrp	posix_tcsetpgrp	METH_VARARGS
Python-2.7.13/Modules/posixmodule.c	posix_methods	open	posix_open	METH_VARARGS
Python-2.7.13/Modules/posixmodule.c	posix_methods	close	posix_close_	METH_VARARGS
Python-2.7.13/Modules/posixmodule.c	posix_methods	closerange	posix_closerange	METH_VARARGS
Python-2.7.13/Modules/posixmodule.c	posix_methods	dup	posix_dup	METH_VARARGS
Python-2.7.13/Modules/posixmodule.c	posix_methods	dup2	posix_dup2	METH_VARARGS
Python-2.7.13/Modules/posixmodule.c	posix_methods	lseek	posix_lseek	METH_VARARGS
Python-2.7.13/Modules/posixmodule.c	posix_methods	read	posix_read	METH_VARARGS
Python-2.7.13/Modules/posixmodule.c	posix_methods	write	posix_write	METH_VARARGS
Python-2.7.13/Modules/posixmodule.c	posix_methods	fstat	posix_fstat	METH_VARARGS
Python-2.7.13/Modules/posixmodule.c	posix_methods	fdopen	posix_fdopen	METH_VARARGS
Python-2.7.13/Modules/posixmodule.c	posix_methods	isatty	posix_isatty	METH_VARARGS
Python-2.7.13/Modules/posixmodule.c	posix_methods	mkfifo	posix_mkfifo	METH_VARARGS
Python-2.7.13/Modules/posixmodule.c	posix_methods	mknod	posix_mknod	METH_VARARGS
Python-2.7.13/Modules/posixmodule.c	posix_methods	major	posix_major	METH_VARARGS
Python-2.7.13/Modules/posixmodule.c	posix_methods	minor	posix_minor	METH_VARARGS
Python-2.7.13/Modules/posixmodule.c	posix_methods	makedev	posix_makedev	METH_VARARGS
Python-2.7.13/Modules/posixmodule.c	posix_methods	ftruncate	posix_ftruncate	METH_VARARGS
Python-2.7.13/Modules/posixmodule.c	posix_methods	putenv	posix_putenv	METH_VARARGS
Python-2.7.13/Modules/posixmodule.c	posix_methods	unsetenv	posix_unsetenv	METH_VARARGS
Python-2.7.13/Modules/posixmodule.c	posix_methods	strerror	posix_strerror	METH_VARARGS
Python-2.7.13/Modules/posixmodule.c	posix_methods	fchdir	posix_fchdir	METH_O
Python-2.7.13/Modules/posixmodule.c	posix_methods	fsync	posix_fsync	METH_O
Python-2.7.13/Modules/posixmodule.c	posix_methods	fstatvfs	posix_fstatvfs	METH_VARARGS
Python-2.7.13/Modules/posixmodule.c	posix_methods	statvfs	posix_statvfs	METH_VARARGS
Python-2.7.13/Modules/posixmodule.c	posix_methods	tmpfile	posix_tmpfile	METH_NOARGS
Python-2.7.13/Modules/posixmodule.c	posix_methods	confstr	posix_confstr	METH_VARARGS
Python-2.7.13/Modules/posixmodule.c	posix_methods	sysconf	posix_sysconf	METH_VARARGS
Python-2.7.13/Modules/posixmodule.c	posix_methods	fpathconf	posix_fpathconf	METH_VARARGS
Python-2.7.13/Modules/posixmodule.c	posix_methods	pathconf	posix_pathconf	METH_VARARGS
Python-2.7.13/Modules/posixmodule.c	posix_methods	abort	posix_abort	METH_NOARGS
Python-2.7.13/Modules/posixmodule.c	posix_methods	getloadavg	posix_getloadavg	METH_NOARGS
Python-2.7.13/Modules/posixmodule.c	posix_methods	urandom	posix_urandom	METH_VARARGS
Python-2.7.13/Modules/_codecsmodule.c	_codecs_functions	register	codec_register	METH_O
Python-2.7.13/Modules/_codecsmodule.c	_codecs_functions	lookup	codec_lookup	METH_VARARGS
Python-2.7.13/Modules/_codecsmodule.c	_codecs_functions	encode	codec_encode	METH_VARARGS
Python-2.7.13/Modules/_codecsmodule.c	_codecs_functions	decode	codec_decode	METH_VARARGS
Python-2.7.13/Modules/_codecsmodule.c	_codecs_functions	escape_encode	escape_encode	METH_VARARGS
Python-2.7.13/Modules/_codecsmodule.c	_codecs_functions	escape_decode	escape_decode	METH_VARARGS
Python-2.7.13/Modules/_codecsmodule.c	_codecs_functions	register_error	register_error	METH_VARARGS
Python-2.7.13/Modules/_codecsmodule.c	_codecs_functions	lookup_error	lookup_error	METH_VARARGS
Python-2.7.13/Modules/gcmodule.c	GcMethods	enable	gc_enable	METH_NOARGS
Python-2.7.13/Modules/gcmodule.c	GcMethods	disable	gc_disable	METH_NOARGS
Python-2.7.13/Modules/gcmodule.c	GcMethods	isenabled	gc_isenabled	METH_NOARGS
Python-2.7.13/Modules/gcmodule.c	GcMethods	set_debug	gc_set_debug	METH_VARARGS
Python-2.7.13/Modules/gcmodule.c	GcMethods	get_debug	gc_get_debug	METH_NOARGS
Python-2.7.13/Modules/gcmodule.c	GcMethods	get_count	gc_get_count	METH_NOARGS
Python-2.7.13/Modules/gcmodule.c	GcMethods	set_threshold	gc_set_thresh	METH_VARARGS
Python-2.7.13/Modules/gcmodule.c	GcMethods	get_threshold	gc_get_thresh	METH_NOARGS
Python-2.7.13/Modules/gcmodule.c	GcMethods	collect	(PyCFunction)gc_collect	METH_VARARGS | METH_KEYWORDS
Python-2.7.13/Modules/gcmodule.c	GcMethods	get_objects	gc_get_objects	METH_NOARGS
Python-2.7.13/Modules/gcmodule.c	GcMethods	is_tracked	gc_is_tracked	METH_O
Python-2.7.13/Modules/gcmodule.c	GcMethods	get_referrers	gc_get_referrers	METH_VARARGS
Python-2.7.13/Modules/gcmodule.c	GcMethods	get_referents	gc_get_referents	METH_VARARGS
Python-2.7.13/Modules/signalmodule.c	signal_methods	alarm	signal_alarm	METH_VARARGS
Python-2.7.13/Modules/signalmodule.c	signal_methods	setitimer	signal_setitimer	METH_VARARGS
Python-2.7.13/Modules/signalmodule.c	signal_methods	getitimer	signal_getitimer	METH_VARARGS
Python-2.7.13/Modules/signalmodule.c	signal_methods	signal	signal_signal	METH_VARARGS
Python-2.7.13/Modules/signalmodule.c	signal_methods	getsignal	signal_getsignal	METH_VARARGS
Python-2.7.13/Modules/signalmodule.c	signal_methods	set_wakeup_fd	signal_set_wakeup_fd	METH_VARARGS
Python-2.7.13/Modules/signalmodule.c	signal_methods	siginterrupt	signal_siginterrupt	METH_VARARGS
Python-2.7.13/Modules/signalmodule.c	signal_methods	pause	(PyCFunction)signal_pause	METH_NOARGS
Python-2.7.13/Modules/signalmodule.c	signal_methods	default_int_handler	signal_default_int_handler	METH_VARARGS
Python-2.7.13/Python/bltinmodule.c	builtin_methods	__import__	(PyCFunction)builtin___import__	METH_VARARGS | METH_KEYWORDS
Python-2.7.13/Python/bltinmodule.c	builtin_methods	abs	builtin_abs	METH_O
Python-2.7.13/Python/bltinmodule.c	builtin_methods	all	builtin_all	METH_O
Python-2.7.13/Python/bltinmodule.c	builtin_methods	any	builtin_any	METH_O
Python-2.7.13/Python/bltinmodule.c	builtin_methods	apply	builtin_apply	METH_VARARGS
Python-2.7.13/Python/bltinmodule.c	builtin_methods	bin	builtin_bin	METH_O
Python-2.7.13/Python/bltinmodule.c	builtin_methods	callable	builtin_callable	METH_O
Python-2.7.13/Python/bltinmodule.c	builtin_methods	chr	builtin_chr	METH_VARARGS
Python-2.7.13/Python/bltinmodule.c	builtin_methods	cmp	builtin_cmp	METH_VARARGS
Python-2.7.13/Python/bltinmodule.c	builtin_methods	coerce	builtin_coerce	METH_VARARGS
Python-2.7.13/Python/bltinmodule.c	builtin_methods	compile	(PyCFunction)builtin_compile	METH_VARARGS | METH_KEYWORDS
Python-2.7.13/Python/bltinmodule.c	builtin_methods	delattr	builtin_delattr	METH_VARARGS
Python-2.7.13/Python/bltinmodule.c	builtin_methods	dir	builtin_dir	METH_VARARGS
Python-2.7.13/Python/bltinmodule.c	builtin_methods	divmod	builtin_divmod	METH_VARARGS
Python-2.7.13/Python/bltinmodule.c	builtin_methods	eval	builtin_eval	METH_VARARGS
Python-2.7.13/Python/bltinmodule.c	builtin_methods	execfile	builtin_execfile	METH_VARARGS
Python-2.7.13/Python/bltinmodule.c	builtin_methods	filter	builtin_filter	METH_VARARGS
Python-2.7.13/Python/bltinmodule.c	builtin_methods	format	builtin_format	METH_VARARGS
Python-2.7.13/Python/bltinmodule.c	builtin_methods	getattr	builtin_getattr	METH_VARARGS
Python-2.7.13/Python/bltinmodule.c	builtin_methods	globals	(PyCFunction)builtin_globals	METH_NOARGS
Python-2.7.13/Python/bltinmodule.c	builtin_methods	hasattr	builtin_hasattr	METH_VARARGS
Python-2.7.13/Python/bltinmodule.c	builtin_methods	hash	builtin_hash	METH_O
Python-2.7.13/Python/bltinmodule.c	builtin_methods	hex	builtin_hex	METH_O
Python-2.7.13/Python/bltinmodule.c	builtin_methods	id	builtin_id	METH_O
Python-2.7.13/Python/bltinmodule.c	builtin_methods	input	builtin_input	METH_VARARGS
Python-2.7.13/Python/bltinmodule.c	builtin_methods	intern	builtin_intern	METH_VARARGS
Python-2.7.13/Python/bltinmodule.c	builtin_methods	isinstance	builtin_isinstance	METH_VARARGS
Python-2.7.13/Python/bltinmodule.c	builtin_methods	issubclass	builtin_issubclass	METH_VARARGS
Python-2.7.13/Python/bltinmodule.c	builtin_methods	iter	builtin_iter	METH_VARARGS
Python-2.7.13/Python/bltinmodule.c	builtin_methods	len	builtin_len	METH_O
Python-2.7.13/Python/bltinmodule.c	builtin_methods	locals	(PyCFunction)builtin_locals	METH_NOARGS
Python-2.7.13/Python/bltinmodule.c	builtin_methods	map	builtin_map	METH_VARARGS
Python-2.7.13/Python/bltinmodule.c	builtin_methods	max	(PyCFunction)builtin_max	METH_VARARGS | METH_KEYWORDS
Python-2.7.13/Python/bltinmodule.c	builtin_methods	min	(PyCFunction)builtin_min	METH_VARARGS | METH_KEYWORDS
Python-2.7.13/Python/bltinmodule.c	builtin_methods	next	builtin_next	METH_VARARGS
Python-2.7.13/Python/bltinmodule.c	builtin_methods	oct	builtin_oct	METH_O
Python-2.7.13/Python/bltinmodule.c	builtin_methods	open	(PyCFunction)builtin_open	METH_VARARGS | METH_KEYWORDS
Python-2.7.13/Python/bltinmodule.c	builtin_methods	ord	builtin_ord	METH_O
Python-2.7.13/Python/bltinmodule.c	builtin_methods	pow	builtin_pow	METH_VARARGS
Python-2.7.13/Python/bltinmodule.c	builtin_methods	print	(PyCFunction)builtin_print	METH_VARARGS | METH_KEYWORDS
Python-2.7.13/Python/bltinmodule.c	builtin_methods	range	builtin_range	METH_VARARGS
Python-2.7.13/Python/bltinmodule.c	builtin_methods	raw_input	builtin_raw_input	METH_VARARGS
Python-2.7.13/Python/bltinmodule.c	builtin_methods	reduce	builtin_reduce	METH_VARARGS
Python-2.7.13/Python/bltinmodule.c	builtin_methods	reload	builtin_reload	METH_O
Python-2.7.13/Python/bltinmodule.c	builtin_methods	repr	builtin_repr	METH_O
Python-2.7.13/Python/bltinmodule.c	builtin_methods	setattr	builtin_setattr	METH_VARARGS
Python-2.7.13/Python/bltinmodule.c	builtin_methods	sorted	(PyCFunction)builtin_sorted	METH_VARARGS | METH_KEYWORDS
Python-2.7.13/Python/bltinmodule.c	builtin_methods	sum	builtin_sum	METH_VARARGS
Python-2.7.13/Python/bltinmodule.c	builtin_methods	vars	builtin_vars	METH_VARARGS
Python-2.7.13/Python/bltinmodule.c	builtin_methods	zip	builtin_zip	METH_VARARGS
Python-2.7.13/Python/marshal.c	marshal_methods	dump	marshal_dump	METH_VARARGS
Python-2.7.13/Python/marshal.c	marshal_methods	load	marshal_load	METH_O
Python-2.7.13/Python/marshal.c	marshal_methods	dumps	marshal_dumps	METH_VARARGS
Python-2.7.13/Python/marshal.c	marshal_methods	loads	marshal_loads	METH_VARARGS
Python-2.7.13/Python/_warnings.c	warnings_functions	warn	(PyCFunction)warnings_warn	METH_VARARGS | METH_KEYWORDS
Python-2.7.13/Python/_warnings.c	warnings_functions	warn_explicit	(PyCFunction)warnings_warn_explicit	METH_VARARGS | METH_KEYWORDS
Python-2.7.13/Python/sysmodule.c	sys_methods	callstats	(PyCFunction)PyEval_GetCallStats	METH_NOARGS
Python-2.7.13/Python/sysmodule.c	sys_methods	_clear_type_cache	sys_clear_type_cache	METH_NOARGS
Python-2.7.13/Python/sysmodule.c	sys_methods	_current_frames	sys_current_frames	METH_NOARGS
Python-2.7.13/Python/sysmodule.c	sys_methods	displayhook	sys_displayhook	METH_O
Python-2.7.13/Python/sysmodule.c	sys_methods	exc_info	sys_exc_info	METH_NOARGS
Python-2.7.13/Python/sysmodule.c	sys_methods	exc_clear	sys_exc_clear	METH_NOARGS
Python-2.7.13/Python/sysmodule.c	sys_methods	excepthook	sys_excepthook	METH_VARARGS
Python-2.7.13/Python/sysmodule.c	sys_methods	exit	sys_exit	METH_VARARGS
Python-2.7.13/Python/sysmodule.c	sys_methods	getdlopenflags	(PyCFunction)sys_getdlopenflags	METH_NOARGS
Python-2.7.13/Python/sysmodule.c	sys_methods	getrefcount	(PyCFunction)sys_getrefcount	METH_O
Python-2.7.13/Python/sysmodule.c	sys_methods	getrecursionlimit	(PyCFunction)sys_getrecursionlimit	METH_NOARGS
Python-2.7.13/Python/sysmodule.c	sys_methods	getsizeof	(PyCFunction)sys_getsizeof	METH_VARARGS | METH_KEYWORDS
Python-2.7.13/Python/sysmodule.c	sys_methods	_getframe	sys_getframe	METH_VARARGS
Python-2.7.13/Python/sysmodule.c	sys_methods	setcheckinterval	sys_setcheckinterval	METH_VARARGS
Python-2.7.13/Python/sysmodule.c	sys_methods	getcheckinterval	sys_getcheckinterval	METH_NOARGS
Python-2.7.13/Python/sysmodule.c	sys_methods	setdlopenflags	sys_setdlopenflags	METH_VARARGS
Python-2.7.13/Python/sysmodule.c	sys_methods	setprofile	sys_setprofile	METH_O
Python-2.7.13/Python/sysmodule.c	sys_methods	getprofile	sys_getprofile	METH_NOARGS
Python-2.7.13/Python/sysmodule.c	sys_methods	setrecursionlimit	sys_setrecursionlimit	METH_VARARGS
Python-2.7.13/Python/sysmodule.c	sys_methods	settrace	sys_settrace	METH_O
Python-2.7.13/Python/sysmodule.c	sys_methods	gettrace	sys_gettrace	METH_NOARGS
Python-2.7.13/Python/sysmodule.c	sys_methods	call_tracing	sys_call_tracing	METH_VARARGS
Python-2.7.13/Python/import.c	imp_methods	reload	imp_reload	METH_O
Python-2.7.13/Python/import.c	imp_methods	find_module	imp_find_module	METH_VARARGS
Python-2.7.13/Python/import.c	imp_methods	get_magic	imp_get_magic	METH_NOARGS
Python-2.7.13/Python/import.c	imp_methods	get_suffixes	imp_get_suffixes	METH_NOARGS
Python-2.7.13/Python/import.c	imp_methods	load_module	imp_load_module	METH_VARARGS
Python-2.7.13/Python/import.c	imp_methods	new_module	imp_new_module	METH_VARARGS
Python-2.7.13/Python/import.c	imp_methods	lock_held	imp_lock_held	METH_NOARGS
Python-2.7.13/Python/import.c	imp_methods	acquire_lock	imp_acquire_lock	METH_NOARGS
Python-2.7.13/Python/import.c	imp_methods	release_lock	imp_release_lock	METH_NOARGS
Python-2.7.13/Python/import.c	imp_methods	init_builtin	imp_init_builtin	METH_VARARGS
Python-2.7.13/Python/import.c	imp_methods	is_builtin	imp_is_builtin	METH_VARARGS
Python-2.7.13/Python/import.c	imp_methods	load_compiled	imp_load_compiled	METH_VARARGS
Python-2.7.13/Python/import.c	imp_methods	load_package	imp_load_package	METH_VARARGS
Python-2.7.13/Python/import.c	imp_methods	load_source	imp_load_source	METH_VARARGS
Python-2.7.13/Python/import.c	NullImporter_methods	find_module	(PyCFunction)NullImporter_find_module	METH_VARARGS
native/fastlex.c	methods	MatchOshToken	fastlex_MatchOshToken	METH_VARARGS
native/fastlex.c	methods	MatchEchoToken	fastlex_MatchEchoToken	METH_VARARGS
native/fastlex.c	methods	MatchGlobToken	fastlex_MatchGlobToken	METH_VARARGS
native/fastlex.c	methods	MatchPS1Token	fastlex_MatchPS1Token	METH_VARARGS
native/fastlex.c	methods	IsValidVarName	fastlex_IsValidVarName	METH_VARARGS
native/fastlex.c	methods	IsPlainWord	fastlex_IsPlainWord	METH_VARARGS
native/libc.c	methods	realpath	func_realpath	METH_VARARGS
native/libc.c	methods	fnmatch	func_fnmatch	METH_VARARGS
native/libc.c	methods	glob	func_glob	METH_VARARGS
native/libc.c	methods	regex_parse	func_regex_parse	METH_VARARGS
native/libc.c	methods	regex_match	func_regex_match	METH_VARARGS
native/libc.c	methods	regex_first_group_match	func_regex_first_group_match	METH_VARARGS
native/libc.c	methods	print_time	func_print_time	METH_VARARGS
native/libc.c	methods	gethostname	socket_gethostname	METH_NOARGS
